Country,City,Continent,Month,AQI,AQI_Category,PM2.5,PM10,NO2,SO2,CO,O3,Dominant_Pollutant
India,New Delhi,Asia,2024-01,238,Very Unhealthy,100.7,161.1,32.3,12.6,0.79,70.6,PM10
India,New Delhi,Asia,2024-02,221,Very Unhealthy,93.0,121.9,128.9,46.6,1.52,22.7,PM2.5
India,New Delhi,Asia,2024-03,185,Unhealthy,72.7,105.1,71.5,9.1,1.61,35.6,PM2.5
India,New Delhi,Asia,2024-04,139,Unhealthy for Sensitive Groups,59.6,83.4,46.3,21.5,0.43,52.5,PM2.5
India,New Delhi,Asia,2024-05,167,Unhealthy,69.9,106.3,19.6,22.1,0.47,73.7,PM2.5
India,New Delhi,Asia,2024-06,156,Unhealthy,64.9,94.5,52.4,22.5,0.98,77.9,NO2
India,New Delhi,Asia,2024-07,176,Unhealthy,63.2,88.4,13.2,16.3,1.93,29.0,NO2
India,New Delhi,Asia,2024-08,165,Unhealthy,63.6,91.6,57.5,8.2,3.37,15.2,O3
India,New Delhi,Asia,2024-09,165,Unhealthy,57.8,98.7,72.4,30.8,3.26,15.2,PM2.5
India,New Delhi,Asia,2024-10,193,Unhealthy,69.8,120.9,75.8,18.1,0.67,31.8,PM2.5
India,New Delhi,Asia,2024-11,198,Unhealthy,86.9,133.5,22.9,36.3,3.86,49.3,NO2
India,New Delhi,Asia,2024-12,262,Very Unhealthy,104.6,163.3,74.7,5.9,1.17,12.2,PM10
Pakistan,Lahore,Asia,2024-01,246,Very Unhealthy,108.4,154.4,67.8,47.5,1.79,15.4,PM2.5
Pakistan,Lahore,Asia,2024-02,186,Unhealthy,68.1,120.2,92.0,30.6,4.1,66.3,PM2.5
Pakistan,Lahore,Asia,2024-03,197,Unhealthy,84.9,148.4,44.3,8.3,1.43,39.9,NO2
Pakistan,Lahore,Asia,2024-04,218,Very Unhealthy,95.1,124.0,72.1,24.9,1.55,18.4,PM2.5
Pakistan,Lahore,Asia,2024-05,191,Unhealthy,76.8,126.8,47.7,46.5,4.61,27.6,PM2.5
Pakistan,Lahore,Asia,2024-06,184,Unhealthy,69.9,100.8,12.9,29.2,2.5,13.6,PM2.5
Pakistan,Lahore,Asia,2024-07,171,Unhealthy,62.3,96.2,101.3,12.5,2.99,63.3,PM2.5
Pakistan,Lahore,Asia,2024-08,182,Unhealthy,77.0,114.3,72.4,29.9,2.61,16.3,NO2
Pakistan,Lahore,Asia,2024-09,172,Unhealthy,60.9,97.2,72.7,3.5,2.37,25.9,PM10
Pakistan,Lahore,Asia,2024-10,182,Unhealthy,66.9,110.1,47.8,42.8,0.94,33.9,PM2.5
Pakistan,Lahore,Asia,2024-11,214,Very Unhealthy,92.4,145.8,73.0,15.6,0.89,72.8,O3
Pakistan,Lahore,Asia,2024-12,208,Very Unhealthy,86.0,126.4,50.3,38.7,4.71,72.1,NO2
Bangladesh,Dhaka,Asia,2024-01,195,Unhealthy,71.4,124.9,74.8,3.7,0.85,56.4,PM2.5
Bangladesh,Dhaka,Asia,2024-02,218,Very Unhealthy,79.8,125.6,93.9,36.8,1.56,59.9,PM2.5
Bangladesh,Dhaka,Asia,2024-03,194,Unhealthy,80.5,138.8,79.9,29.0,0.81,35.7,PM2.5
Bangladesh,Dhaka,Asia,2024-04,153,Unhealthy,57.3,102.4,40.7,34.4,2.53,65.6,PM2.5
Bangladesh,Dhaka,Asia,2024-05,165,Unhealthy,61.0,101.3,33.7,3.7,2.78,22.4,O3
Bangladesh,Dhaka,Asia,2024-06,203,Very Unhealthy,90.4,158.9,51.5,4.1,4.74,40.0,O3
Bangladesh,Dhaka,Asia,2024-07,137,Unhealthy for Sensitive Groups,59.6,86.9,19.6,20.1,3.22,58.7,PM10
Bangladesh,Dhaka,Asia,2024-08,125,Unhealthy for Sensitive Groups,45.0,72.3,74.3,6.2,1.74,71.4,PM10
Bangladesh,Dhaka,Asia,2024-09,192,Unhealthy,74.1,107.2,95.1,39.5,4.21,73.9,PM2.5
Bangladesh,Dhaka,Asia,2024-10,191,Unhealthy,76.4,129.8,77.8,34.5,3.88,72.3,PM2.5
Bangladesh,Dhaka,Asia,2024-11,154,Unhealthy,62.8,82.8,47.1,22.1,1.32,51.4,PM2.5
Bangladesh,Dhaka,Asia,2024-12,206,Very Unhealthy,72.9,124.8,51.1,9.5,2.89,63.9,PM2.5
China,Beijing,Asia,2024-01,137,Unhealthy for Sensitive Groups,48.7,76.2,47.6,22.7,2.56,78.3,PM2.5
China,Beijing,Asia,2024-02,154,Unhealthy,58.9,100.0,30.6,18.3,0.59,11.8,O3
China,Beijing,Asia,2024-03,127,Unhealthy for Sensitive Groups,49.6,68.8,17.3,9.5,1.86,60.0,PM10
China,Beijing,Asia,2024-04,132,Unhealthy for Sensitive Groups,49.9,88.7,60.2,19.3,2.12,39.4,PM2.5
China,Beijing,Asia,2024-05,138,Unhealthy for Sensitive Groups,48.5,65.9,10.4,3.6,2.99,59.3,PM2.5
China,Beijing,Asia,2024-06,99,Moderate,35.6,55.0,30.7,5.7,1.19,37.9,PM10
China,Beijing,Asia,2024-07,102,Unhealthy for Sensitive Groups,39.5,63.7,33.3,22.1,1.75,21.4,PM2.5
China,Beijing,Asia,2024-08,110,Unhealthy for Sensitive Groups,45.6,59.9,40.9,26.0,1.68,37.2,PM10
China,Beijing,Asia,2024-09,151,Unhealthy,67.1,100.2,87.4,34.4,0.98,14.9,PM2.5
China,Beijing,Asia,2024-10,92,Moderate,32.4,43.6,39.2,3.1,0.86,69.1,PM2.5
China,Beijing,Asia,2024-11,112,Unhealthy for Sensitive Groups,40.5,66.8,44.3,24.8,2.12,66.2,PM2.5
China,Beijing,Asia,2024-12,165,Unhealthy,60.7,101.7,81.5,40.9,1.9,36.0,NO2
Mongolia,Ulaanbaatar,Asia,2024-01,213,Very Unhealthy,92.8,140.5,98.6,41.1,0.93,73.2,PM2.5
Mongolia,Ulaanbaatar,Asia,2024-02,195,Unhealthy,84.4,123.2,105.8,21.0,0.44,73.4,PM2.5
Mongolia,Ulaanbaatar,Asia,2024-03,166,Unhealthy,73.9,117.3,66.0,20.1,1.45,33.0,PM10
Mongolia,Ulaanbaatar,Asia,2024-04,158,Unhealthy,67.2,114.0,76.5,6.0,2.11,14.0,PM2.5
Mongolia,Ulaanbaatar,Asia,2024-05,179,Unhealthy,68.9,93.6,23.0,34.8,2.9,17.1,PM2.5
Mongolia,Ulaanbaatar,Asia,2024-06,141,Unhealthy for Sensitive Groups,59.2,79.1,70.8,25.6,0.55,15.9,O3
Mongolia,Ulaanbaatar,Asia,2024-07,119,Unhealthy for Sensitive Groups,51.3,91.0,70.5,22.9,1.27,15.8,NO2
Mongolia,Ulaanbaatar,Asia,2024-08,120,Unhealthy for Sensitive Groups,48.7,73.6,65.8,5.1,1.6,10.8,PM2.5
Mongolia,Ulaanbaatar,Asia,2024-09,166,Unhealthy,70.5,112.2,96.1,17.3,1.42,70.8,PM2.5
Mongolia,Ulaanbaatar,Asia,2024-10,144,Unhealthy for Sensitive Groups,64.3,84.0,84.0,3.9,3.24,46.9,O3
Mongolia,Ulaanbaatar,Asia,2024-11,162,Unhealthy,72.4,113.1,64.2,29.0,2.02,53.9,PM10
Mongolia,Ulaanbaatar,Asia,2024-12,181,Unhealthy,79.7,105.4,37.0,43.2,4.07,41.9,PM10
Egypt,Cairo,Africa,2024-01,157,Unhealthy,62.2,91.8,58.2,5.5,3.83,79.0,PM10
Egypt,Cairo,Africa,2024-02,162,Unhealthy,65.4,95.1,80.6,28.6,0.93,73.8,NO2
Egypt,Cairo,Africa,2024-03,118,Unhealthy for Sensitive Groups,52.3,90.6,8.8,2.7,1.26,66.7,O3
Egypt,Cairo,Africa,2024-04,171,Unhealthy,62.4,99.7,44.4,41.5,3.65,68.7,PM2.5
Egypt,Cairo,Africa,2024-05,113,Unhealthy for Sensitive Groups,40.2,69.6,56.2,28.2,2.82,48.9,NO2
Egypt,Cairo,Africa,2024-06,117,Unhealthy for Sensitive Groups,52.0,89.7,21.8,14.2,0.58,76.8,PM10
Egypt,Cairo,Africa,2024-07,137,Unhealthy for Sensitive Groups,56.4,83.4,15.4,23.8,1.91,64.1,PM2.5
Egypt,Cairo,Africa,2024-08,109,Unhealthy for Sensitive Groups,47.4,74.7,39.1,24.1,1.23,19.4,PM2.5
Egypt,Cairo,Africa,2024-09,151,Unhealthy,63.5,89.3,18.9,3.0,1.52,51.3,PM2.5
Egypt,Cairo,Africa,2024-10,163,Unhealthy,64.2,112.5,39.4,22.3,3.26,37.8,PM10
Egypt,Cairo,Africa,2024-11,111,Unhealthy for Sensitive Groups,43.9,78.6,35.6,10.4,1.84,26.8,PM2.5
Egypt,Cairo,Africa,2024-12,174,Unhealthy,63.1,86.1,23.2,8.5,2.91,22.7,PM2.5
Indonesia,Jakarta,Asia,2024-01,136,Unhealthy for Sensitive Groups,56.7,78.6,21.2,3.6,0.8,29.5,PM2.5
Indonesia,Jakarta,Asia,2024-02,153,Unhealthy,54.9,74.7,46.4,9.9,1.59,45.2,PM10
Indonesia,Jakarta,Asia,2024-03,101,Unhealthy for Sensitive Groups,44.2,77.8,8.4,8.2,2.07,62.4,PM2.5
Indonesia,Jakarta,Asia,2024-04,113,Unhealthy for Sensitive Groups,41.9,62.2,35.8,18.2,1.18,42.4,PM10
Indonesia,Jakarta,Asia,2024-05,118,Unhealthy for Sensitive Groups,47.3,74.1,12.9,14.3,1.68,27.0,PM2.5
Indonesia,Jakarta,Asia,2024-06,103,Unhealthy for Sensitive Groups,39.9,52.3,23.4,6.8,0.98,18.4,NO2
Indonesia,Jakarta,Asia,2024-07,119,Unhealthy for Sensitive Groups,51.0,79.0,11.6,16.9,1.84,62.2,PM2.5
Indonesia,Jakarta,Asia,2024-08,109,Unhealthy for Sensitive Groups,39.5,57.0,27.2,18.2,1.65,34.9,O3
Indonesia,Jakarta,Asia,2024-09,92,Moderate,33.1,45.6,17.0,5.0,0.58,30.0,PM2.5
Indonesia,Jakarta,Asia,2024-10,117,Unhealthy for Sensitive Groups,51.4,68.9,39.6,13.2,2.88,17.8,PM2.5
Indonesia,Jakarta,Asia,2024-11,102,Unhealthy for Sensitive Groups,37.4,61.1,57.2,15.0,1.55,29.6,NO2
Indonesia,Jakarta,Asia,2024-12,150,Unhealthy for Sensitive Groups,55.3,80.8,42.6,20.3,1.14,18.0,PM10
India,Mumbai,Asia,2024-01,141,Unhealthy for Sensitive Groups,51.5,79.3,48.4,4.1,1.37,19.4,PM2.5
India,Mumbai,Asia,2024-02,105,Unhealthy for Sensitive Groups,47.1,68.8,52.0,8.0,1.86,63.2,PM10
India,Mumbai,Asia,2024-03,74,Moderate,28.5,50.3,37.5,17.9,0.36,61.2,O3
India,Mumbai,Asia,2024-04,95,Moderate,35.0,46.7,43.5,14.3,2.03,19.8,NO2
India,Mumbai,Asia,2024-05,99,Moderate,36.3,62.0,41.2,13.7,1.02,71.4,PM2.5
India,Mumbai,Asia,2024-06,90,Moderate,38.8,59.0,23.2,11.2,0.8,62.3,PM2.5
India,Mumbai,Asia,2024-07,98,Moderate,38.1,59.9,53.8,15.9,0.46,75.8,PM10
India,Mumbai,Asia,2024-08,92,Moderate,35.3,48.3,44.8,14.8,1.31,72.6,NO2
India,Mumbai,Asia,2024-09,99,Moderate,37.1,62.0,6.8,14.8,1.93,71.4,PM2.5
India,Mumbai,Asia,2024-10,94,Moderate,40.6,55.0,48.5,4.4,1.05,65.8,PM2.5
India,Mumbai,Asia,2024-11,115,Unhealthy for Sensitive Groups,48.5,78.6,49.6,16.5,0.9,34.2,PM2.5
India,Mumbai,Asia,2024-12,117,Unhealthy for Sensitive Groups,51.6,82.1,31.6,14.6,2.78,20.7,PM10
Mexico,Mexico City,North America,2024-01,154,Unhealthy,54.2,94.1,86.7,22.9,2.78,74.6,PM10
Mexico,Mexico City,North America,2024-02,121,Unhealthy for Sensitive Groups,44.2,70.2,46.4,14.0,2.29,75.4,O3
Mexico,Mexico City,North America,2024-03,84,Moderate,37.7,64.8,10.0,19.4,1.85,46.3,PM10
Mexico,Mexico City,North America,2024-04,94,Moderate,36.7,48.7,22.0,19.2,0.2,33.3,PM2.5
Mexico,Mexico City,North America,2024-05,104,Unhealthy for Sensitive Groups,40.0,58.9,47.4,12.7,0.75,41.7,PM2.5
Mexico,Mexico City,North America,2024-06,86,Moderate,31.6,49.0,24.1,19.8,0.89,50.6,PM10
Mexico,Mexico City,North America,2024-07,83,Moderate,29.8,53.6,27.1,12.9,0.29,62.5,PM2.5
Mexico,Mexico City,North America,2024-08,74,Moderate,32.5,45.6,11.5,1.9,0.95,49.5,PM2.5
Mexico,Mexico City,North America,2024-09,92,Moderate,37.0,56.3,24.9,13.5,0.51,22.7,NO2
Mexico,Mexico City,North America,2024-10,112,Unhealthy for Sensitive Groups,49.8,74.0,22.3,18.7,1.28,11.8,PM2.5
Mexico,Mexico City,North America,2024-11,106,Unhealthy for Sensitive Groups,37.4,52.8,18.8,18.4,0.26,17.3,NO2
Mexico,Mexico City,North America,2024-12,137,Unhealthy for Sensitive Groups,50.4,82.0,24.8,5.5,1.04,60.6,NO2
Nigeria,Lagos,Africa,2024-01,120,Unhealthy for Sensitive Groups,50.0,70.1,25.3,27.1,0.28,16.0,PM2.5
Nigeria,Lagos,Africa,2024-02,142,Unhealthy for Sensitive Groups,50.1,69.7,52.6,16.3,3.2,67.2,PM2.5
Nigeria,Lagos,Africa,2024-03,92,Moderate,37.6,53.9,36.2,10.3,1.35,40.5,PM2.5
Nigeria,Lagos,Africa,2024-04,83,Moderate,36.9,62.1,10.5,18.2,1.1,72.6,NO2
Nigeria,Lagos,Africa,2024-05,96,Moderate,36.2,56.9,38.2,7.4,0.5,68.4,O3
Nigeria,Lagos,Africa,2024-06,89,Moderate,35.8,49.6,17.8,1.9,2.05,18.2,PM10
Nigeria,Lagos,Africa,2024-07,94,Moderate,39.0,66.9,15.4,1.8,0.48,73.0,NO2
Nigeria,Lagos,Africa,2024-08,72,Moderate,29.5,47.2,29.9,4.1,1.66,39.3,PM2.5
Nigeria,Lagos,Africa,2024-09,93,Moderate,34.1,56.9,8.9,14.6,0.71,37.3,PM2.5
Nigeria,Lagos,Africa,2024-10,100,Moderate,38.6,64.1,21.3,14.9,1.29,56.5,O3
Nigeria,Lagos,Africa,2024-11,90,Moderate,31.8,45.5,34.0,2.6,1.21,51.8,PM2.5
Nigeria,Lagos,Africa,2024-12,136,Unhealthy for Sensitive Groups,58.1,78.6,12.4,25.4,1.82,58.2,PM2.5
Thailand,Bangkok,Asia,2024-01,122,Unhealthy for Sensitive Groups,52.5,86.5,24.4,18.8,1.26,16.4,O3
Thailand,Bangkok,Asia,2024-02,105,Unhealthy for Sensitive Groups,38.2,67.8,31.0,6.3,1.52,71.1,PM10
Thailand,Bangkok,Asia,2024-03,96,Moderate,40.2,69.3,18.0,12.6,0.68,79.1,O3
Thailand,Bangkok,Asia,2024-04,102,Unhealthy for Sensitive Groups,36.1,59.7,57.0,6.0,1.54,74.1,PM2.5
Thailand,Bangkok,Asia,2024-05,78,Moderate,34.5,61.6,44.4,9.9,1.7,69.1,PM2.5
Thailand,Bangkok,Asia,2024-06,91,Moderate,39.4,51.9,34.4,6.4,0.43,15.4,PM10
Thailand,Bangkok,Asia,2024-07,93,Moderate,33.2,48.4,32.2,18.7,0.87,53.8,NO2
Thailand,Bangkok,Asia,2024-08,72,Moderate,29.6,41.9,4.6,15.8,0.18,71.2,PM2.5
Thailand,Bangkok,Asia,2024-09,84,Moderate,33.4,53.9,44.6,20.7,1.65,39.2,PM2.5
Thailand,Bangkok,Asia,2024-10,105,Unhealthy for Sensitive Groups,44.5,63.2,11.6,10.4,0.9,30.7,PM2.5
Thailand,Bangkok,Asia,2024-11,90,Moderate,35.0,57.4,15.3,21.4,1.81,16.3,PM2.5
Thailand,Bangkok,Asia,2024-12,116,Unhealthy for Sensitive Groups,50.8,90.0,35.6,18.5,0.68,79.4,PM2.5
China,Shanghai,Asia,2024-01,108,Unhealthy for Sensitive Groups,44.4,69.1,19.1,6.2,0.76,23.1,NO2
China,Shanghai,Asia,2024-02,113,Unhealthy for Sensitive Groups,43.5,57.8,65.9,25.2,2.64,79.6,PM2.5
China,Shanghai,Asia,2024-03,99,Moderate,41.5,57.1,49.4,6.8,0.71,47.6,PM10
China,Shanghai,Asia,2024-04,79,Moderate,32.2,43.3,42.1,6.2,0.39,72.2,O3
China,Shanghai,Asia,2024-05,88,Moderate,36.6,57.7,8.6,9.9,0.93,28.2,PM10
China,Shanghai,Asia,2024-06,80,Moderate,32.0,42.9,13.7,14.1,0.3,69.6,PM2.5
China,Shanghai,Asia,2024-07,100,Moderate,43.2,63.7,42.3,14.9,0.81,71.5,NO2
China,Shanghai,Asia,2024-08,72,Moderate,29.9,51.6,37.9,13.1,1.53,58.8,PM10
China,Shanghai,Asia,2024-09,99,Moderate,36.2,63.0,52.4,2.3,2.08,19.0,PM2.5
China,Shanghai,Asia,2024-10,92,Moderate,39.0,53.8,46.0,19.4,1.26,10.4,PM2.5
China,Shanghai,Asia,2024-11,87,Moderate,35.9,51.3,34.7,12.4,1.73,17.5,NO2
China,Shanghai,Asia,2024-12,107,Unhealthy for Sensitive Groups,43.2,77.0,25.5,17.6,2.51,17.2,O3
Saudi Arabia,Riyadh,Asia,2024-01,118,Unhealthy for Sensitive Groups,44.9,74.3,10.3,18.0,1.17,53.5,PM2.5
Saudi Arabia,Riyadh,Asia,2024-02,128,Unhealthy for Sensitive Groups,56.0,100.1,74.6,24.5,0.64,63.1,PM2.5
Saudi Arabia,Riyadh,Asia,2024-03,119,Unhealthy for Sensitive Groups,49.8,75.8,23.9,29.7,1.4,41.6,PM2.5
Saudi Arabia,Riyadh,Asia,2024-04,99,Moderate,42.5,70.0,17.0,3.6,1.75,55.8,PM2.5
Saudi Arabia,Riyadh,Asia,2024-05,108,Unhealthy for Sensitive Groups,42.3,68.5,29.0,8.7,2.66,38.7,NO2
Saudi Arabia,Riyadh,Asia,2024-06,89,Moderate,33.2,46.7,6.0,15.0,0.93,70.5,PM2.5
Saudi Arabia,Riyadh,Asia,2024-07,94,Moderate,40.1,69.1,44.0,15.3,0.47,12.3,O3
Saudi Arabia,Riyadh,Asia,2024-08,95,Moderate,39.1,66.4,29.9,4.2,0.46,58.0,PM2.5
Saudi Arabia,Riyadh,Asia,2024-09,100,Moderate,35.6,56.6,19.8,20.3,0.91,41.9,PM2.5
Saudi Arabia,Riyadh,Asia,2024-10,83,Moderate,29.7,44.4,26.1,13.0,0.72,58.6,NO2
Saudi Arabia,Riyadh,Asia,2024-11,88,Moderate,32.9,59.0,11.3,11.7,1.43,59.2,PM10
Saudi Arabia,Riyadh,Asia,2024-12,124,Unhealthy for Sensitive Groups,43.5,63.7,41.5,4.6,1.25,12.3,PM2.5
United States,Los Angeles,North America,2024-01,71,Moderate,28.9,47.5,34.8,4.5,0.42,17.3,PM10
United States,Los Angeles,North America,2024-02,79,Moderate,33.2,43.7,44.6,2.3,1.14,59.6,NO2
United States,Los Angeles,North America,2024-03,72,Moderate,27.6,47.1,6.8,16.2,1.05,67.2,PM2.5
United States,Los Angeles,North America,2024-04,70,Moderate,29.0,45.3,31.7,2.5,0.24,27.3,PM2.5
United States,Los Angeles,North America,2024-05,63,Moderate,28.2,41.4,9.5,12.7,1.08,44.9,PM10
United States,Los Angeles,North America,2024-06,61,Moderate,25.7,36.3,36.5,14.9,1.03,24.0,PM10
United States,Los Angeles,North America,2024-07,57,Moderate,24.9,41.4,26.1,6.6,0.57,36.0,O3
United States,Los Angeles,North America,2024-08,47,Good,16.6,28.8,17.3,5.6,0.88,44.1,NO2
United States,Los Angeles,North America,2024-09,64,Moderate,24.2,38.6,35.3,4.2,1.05,54.2,PM10
United States,Los Angeles,North America,2024-10,72,Moderate,26.1,43.3,39.6,4.2,0.54,78.0,PM2.5
United States,Los Angeles,North America,2024-11,65,Moderate,24.4,42.3,19.2,8.9,0.67,51.5,PM2.5
United States,Los Angeles,North America,2024-12,93,Moderate,36.2,64.6,17.9,15.8,0.88,64.1,PM2.5
Turkey,Istanbul,Asia,2024-01,87,Moderate,32.5,43.4,12.5,12.0,0.85,68.0,PM2.5
Turkey,Istanbul,Asia,2024-02,93,Moderate,34.9,56.1,40.8,5.2,0.54,12.6,PM10
Turkey,Istanbul,Asia,2024-03,67,Moderate,29.1,49.6,24.9,14.7,0.45,17.8,PM2.5
Turkey,Istanbul,Asia,2024-04,87,Moderate,30.9,48.4,49.2,2.2,0.42,41.7,O3
Turkey,Istanbul,Asia,2024-05,71,Moderate,25.1,34.5,42.1,17.2,0.15,76.6,PM10
Turkey,Istanbul,Asia,2024-06,48,Good,21.0,32.1,16.0,6.3,0.83,19.8,PM2.5
Turkey,Istanbul,Asia,2024-07,71,Moderate,26.3,43.0,41.4,2.7,1.24,41.1,NO2
Turkey,Istanbul,Asia,2024-08,55,Moderate,20.2,33.3,28.1,13.0,0.97,44.8,PM10
Turkey,Istanbul,Asia,2024-09,72,Moderate,25.4,44.8,30.9,12.6,0.5,56.1,PM2.5
Turkey,Istanbul,Asia,2024-10,79,Moderate,32.8,44.4,32.5,19.7,0.25,78.4,PM2.5
Turkey,Istanbul,Asia,2024-11,73,Moderate,29.7,49.6,38.9,8.1,0.7,56.7,NO2
Turkey,Istanbul,Asia,2024-12,92,Moderate,39.2,66.6,26.6,19.1,0.44,48.1,PM2.5
Brazil,Sao Paulo,South America,2024-01,65,Moderate,25.3,41.7,17.1,7.9,0.49,36.1,PM2.5
Brazil,Sao Paulo,South America,2024-02,62,Moderate,22.2,35.6,25.9,10.0,0.78,36.6,NO2
Brazil,Sao Paulo,South America,2024-03,42,Good,14.8,21.8,10.9,4.6,0.64,47.4,PM10
Brazil,Sao Paulo,South America,2024-04,76,Moderate,32.4,55.3,33.8,18.2,0.18,23.7,PM2.5
Brazil,Sao Paulo,South America,2024-05,65,Moderate,24.3,42.9,5.4,15.3,0.66,17.1,PM2.5
Brazil,Sao Paulo,South America,2024-06,56,Moderate,21.0,30.3,12.3,11.4,0.81,31.8,PM10
Brazil,Sao Paulo,South America,2024-07,48,Good,18.8,25.6,7.2,8.4,0.3,46.8,PM10
Brazil,Sao Paulo,South America,2024-08,60,Moderate,21.6,34.2,11.5,14.5,0.79,66.4,PM10
Brazil,Sao Paulo,South America,2024-09,61,Moderate,27.2,43.5,30.5,13.6,0.44,24.8,PM10
Brazil,Sao Paulo,South America,2024-10,57,Moderate,22.3,38.4,31.1,5.7,0.42,64.6,PM2.5
Brazil,Sao Paulo,South America,2024-11,58,Moderate,24.2,32.6,22.8,7.1,0.9,21.8,PM10
Brazil,Sao Paulo,South America,2024-12,86,Moderate,37.5,52.8,8.8,1.9,1.44,52.5,PM2.5
Russia,Moscow,Europe,2024-01,64,Moderate,26.2,40.6,38.0,3.1,1.15,38.3,PM2.5
Russia,Moscow,Europe,2024-02,57,Moderate,24.0,39.5,33.9,2.7,0.25,60.7,PM10
Russia,Moscow,Europe,2024-03,52,Moderate,18.6,32.5,8.1,4.8,0.38,34.8,PM2.5
Russia,Moscow,Europe,2024-04,54,Moderate,21.7,28.9,26.5,3.8,0.78,71.6,PM10
Russia,Moscow,Europe,2024-05,42,Good,16.1,26.3,25.1,7.2,0.62,61.1,PM2.5
Russia,Moscow,Europe,2024-06,52,Moderate,18.5,29.3,30.0,3.0,0.93,24.1,PM2.5
Russia,Moscow,Europe,2024-07,49,Good,20.9,30.8,20.4,9.9,1.14,26.4,PM2.5
Russia,Moscow,Europe,2024-08,44,Good,16.1,28.9,24.6,6.3,0.94,46.5,PM10
Russia,Moscow,Europe,2024-09,56,Moderate,20.3,34.8,26.9,10.2,0.16,31.2,PM2.5
Russia,Moscow,Europe,2024-10,53,Moderate,20.5,27.5,30.0,7.7,0.48,37.8,PM2.5
Russia,Moscow,Europe,2024-11,58,Moderate,25.6,39.6,34.5,12.5,0.39,75.1,PM2.5
Russia,Moscow,Europe,2024-12,89,Moderate,38.4,57.2,47.4,19.5,1.83,65.3,PM2.5
South Korea,Seoul,Asia,2024-01,92,Moderate,33.8,55.7,22.1,22.5,1.54,67.6,PM2.5
South Korea,Seoul,Asia,2024-02,85,Moderate,37.1,65.3,27.0,13.4,1.67,22.2,PM2.5
South Korea,Seoul,Asia,2024-03,65,Moderate,25.1,33.5,4.2,3.1,1.57,48.5,O3
South Korea,Seoul,Asia,2024-04,72,Moderate,28.3,41.2,23.6,8.6,0.32,54.9,PM2.5
South Korea,Seoul,Asia,2024-05,89,Moderate,32.5,43.2,42.7,11.0,0.3,79.6,PM2.5
South Korea,Seoul,Asia,2024-06,77,Moderate,32.3,57.9,14.0,3.8,0.37,31.2,PM2.5
South Korea,Seoul,Asia,2024-07,64,Moderate,25.7,46.2,31.9,10.3,0.58,53.7,PM2.5
South Korea,Seoul,Asia,2024-08,69,Moderate,27.1,37.0,37.1,8.4,0.45,35.7,PM2.5
South Korea,Seoul,Asia,2024-09,80,Moderate,34.2,44.6,22.3,10.3,0.2,28.2,NO2
South Korea,Seoul,Asia,2024-10,82,Moderate,29.8,46.7,13.8,1.6,0.62,78.3,NO2
South Korea,Seoul,Asia,2024-11,75,Moderate,27.1,42.7,22.5,16.0,0.32,44.2,PM2.5
South Korea,Seoul,Asia,2024-12,100,Moderate,38.2,63.7,31.2,10.4,1.11,42.2,NO2
Italy,Rome,Europe,2024-01,63,Moderate,26.4,40.1,12.0,13.4,0.18,73.1,PM2.5
Italy,Rome,Europe,2024-02,77,Moderate,31.9,52.0,41.8,12.7,1.24,14.7,PM2.5
Italy,Rome,Europe,2024-03,58,Moderate,23.3,38.2,4.2,2.1,1.07,15.0,PM2.5
Italy,Rome,Europe,2024-04,51,Moderate,17.9,31.8,23.2,5.1,0.45,34.5,NO2
Italy,Rome,Europe,2024-05,48,Good,17.6,23.7,19.8,9.4,0.39,11.5,PM2.5
Italy,Rome,Europe,2024-06,53,Moderate,23.7,34.3,25.1,8.6,0.57,24.4,PM2.5
Italy,Rome,Europe,2024-07,57,Moderate,23.6,36.9,4.2,13.8,1.16,30.5,O3
Italy,Rome,Europe,2024-08,53,Moderate,21.7,34.5,24.5,10.9,0.91,19.0,PM2.5
Italy,Rome,Europe,2024-09,48,Good,18.9,30.4,27.3,3.5,0.23,23.8,NO2
Italy,Rome,Europe,2024-10,42,Good,17.4,25.1,20.9,9.1,0.9,74.3,PM2.5
Italy,Rome,Europe,2024-11,53,Moderate,23.0,38.3,25.3,9.0,0.32,48.2,O3
Italy,Rome,Europe,2024-12,82,Moderate,36.4,48.1,11.5,3.9,1.53,67.2,PM2.5
Spain,Madrid,Europe,2024-01,65,Moderate,27.5,43.2,24.4,8.8,0.57,49.6,PM10
Spain,Madrid,Europe,2024-02,56,Moderate,24.5,39.6,26.2,3.0,0.71,10.7,PM2.5
Spain,Madrid,Europe,2024-03,44,Good,18.9,26.5,15.6,8.3,0.71,23.2,PM2.5
Spain,Madrid,Europe,2024-04,40,Good,17.1,27.0,2.1,7.8,0.11,62.2,PM2.5
Spain,Madrid,Europe,2024-05,44,Good,16.8,23.1,9.6,9.7,1.1,35.8,PM2.5
Spain,Madrid,Europe,2024-06,43,Good,18.2,31.7,16.2,4.6,0.49,58.7,PM2.5
Spain,Madrid,Europe,2024-07,33,Good,14.2,19.1,12.3,4.3,0.55,14.5,PM10
Spain,Madrid,Europe,2024-08,47,Good,19.1,30.2,18.0,8.2,0.96,28.9,NO2
Spain,Madrid,Europe,2024-09,41,Good,14.6,21.4,19.7,7.5,0.83,46.2,PM2.5
Spain,Madrid,Europe,2024-10,45,Good,16.4,24.0,13.0,1.7,0.32,51.9,PM10
Spain,Madrid,Europe,2024-11,39,Good,16.1,27.3,4.5,4.4,0.83,36.9,PM10
Spain,Madrid,Europe,2024-12,69,Moderate,28.2,39.3,17.2,6.5,0.18,11.7,NO2
France,Paris,Europe,2024-01,64,Moderate,24.3,43.0,12.3,7.5,1.41,68.9,PM2.5
France,Paris,Europe,2024-02,49,Good,21.1,32.3,15.5,2.3,0.19,61.0,PM2.5
France,Paris,Europe,2024-03,60,Moderate,25.6,35.3,23.1,2.9,1.16,56.0,O3
France,Paris,Europe,2024-04,47,Good,16.8,22.3,9.6,3.7,0.36,73.4,PM2.5
France,Paris,Europe,2024-05,55,Moderate,21.7,36.6,4.7,7.2,0.15,14.4,O3
France,Paris,Europe,2024-06,41,Good,14.9,23.3,11.3,4.0,0.93,11.5,PM10
France,Paris,Europe,2024-07,45,Good,20.0,26.5,12.6,3.5,0.85,78.7,PM2.5
France,Paris,Europe,2024-08,48,Good,19.9,27.8,17.3,6.0,1.17,52.6,PM2.5
France,Paris,Europe,2024-09,46,Good,20.0,31.6,15.5,2.0,1.0,60.6,PM2.5
France,Paris,Europe,2024-10,45,Good,18.9,29.7,4.3,5.6,0.59,21.6,O3
France,Paris,Europe,2024-11,53,Moderate,21.0,31.6,21.6,7.6,0.18,45.9,NO2
France,Paris,Europe,2024-12,69,Moderate,27.3,36.2,33.3,4.4,0.55,21.5,PM2.5
South Africa,Johannesburg,Africa,2024-01,82,Moderate,30.4,52.9,43.8,18.0,0.61,41.6,O3
South Africa,Johannesburg,Africa,2024-02,97,Moderate,41.4,54.4,8.3,12.1,2.22,47.7,PM2.5
South Africa,Johannesburg,Africa,2024-03,67,Moderate,29.0,43.2,31.9,16.2,0.45,46.6,PM2.5
South Africa,Johannesburg,Africa,2024-04,59,Moderate,25.3,40.2,23.5,12.0,0.66,74.1,PM2.5
South Africa,Johannesburg,Africa,2024-05,69,Moderate,29.6,43.2,36.0,15.7,0.58,78.8,PM2.5
South Africa,Johannesburg,Africa,2024-06,53,Moderate,19.6,27.3,28.7,9.0,0.29,40.8,PM10
South Africa,Johannesburg,Africa,2024-07,59,Moderate,26.4,39.8,34.9,10.2,0.98,21.6,NO2
South Africa,Johannesburg,Africa,2024-08,68,Moderate,26.7,36.9,3.9,10.0,0.96,60.4,NO2
South Africa,Johannesburg,Africa,2024-09,67,Moderate,24.7,42.7,33.5,9.6,1.23,32.0,PM2.5
South Africa,Johannesburg,Africa,2024-10,62,Moderate,26.8,41.0,15.3,8.2,1.31,33.5,PM2.5
South Africa,Johannesburg,Africa,2024-11,72,Moderate,25.9,36.8,9.2,7.0,0.89,62.4,PM10
South Africa,Johannesburg,Africa,2024-12,87,Moderate,35.9,53.0,44.6,11.0,2.13,54.4,PM2.5
United Kingdom,London,Europe,2024-01,43,Good,18.0,24.0,6.3,9.3,0.31,68.6,PM2.5
United Kingdom,London,Europe,2024-02,57,Moderate,23.6,38.9,18.9,5.0,0.39,12.3,PM2.5
United Kingdom,London,Europe,2024-03,42,Good,18.4,31.0,20.3,7.2,0.34,73.5,PM10
United Kingdom,London,Europe,2024-04,41,Good,16.6,22.5,12.1,5.1,0.9,48.3,PM2.5
United Kingdom,London,Europe,2024-05,37,Good,15.7,27.6,7.5,8.0,0.32,73.8,NO2
United Kingdom,London,Europe,2024-06,36,Good,15.5,20.3,20.9,6.7,0.32,68.1,PM2.5
United Kingdom,London,Europe,2024-07,38,Good,13.7,19.5,2.2,4.8,0.34,51.9,PM2.5
United Kingdom,London,Europe,2024-08,44,Good,16.7,27.9,3.4,10.0,0.95,56.7,PM10
United Kingdom,London,Europe,2024-09,39,Good,16.7,22.0,14.5,9.7,0.85,46.5,PM2.5
United Kingdom,London,Europe,2024-10,39,Good,16.9,27.0,4.4,1.5,0.89,56.8,NO2
United Kingdom,London,Europe,2024-11,41,Good,16.5,25.0,9.2,4.8,0.81,52.1,NO2
United Kingdom,London,Europe,2024-12,56,Moderate,22.1,35.4,22.2,8.7,1.02,26.6,PM2.5
Japan,Tokyo,Asia,2024-01,51,Moderate,20.3,33.0,29.2,8.0,0.97,45.4,PM10
Japan,Tokyo,Asia,2024-02,47,Good,16.8,24.0,11.7,6.0,0.14,19.8,PM2.5
Japan,Tokyo,Asia,2024-03,35,Good,14.4,20.7,5.7,4.8,0.07,10.5,PM2.5
Japan,Tokyo,Asia,2024-04,42,Good,14.9,20.2,9.9,8.6,0.64,45.9,PM2.5
Japan,Tokyo,Asia,2024-05,41,Good,14.7,23.6,4.6,4.0,0.56,71.2,PM2.5
Japan,Tokyo,Asia,2024-06,41,Good,17.2,30.9,5.0,3.3,0.45,39.5,PM2.5
Japan,Tokyo,Asia,2024-07,39,Good,16.0,23.3,19.6,9.3,0.81,10.1,PM10
Japan,Tokyo,Asia,2024-08,40,Good,14.2,20.3,3.3,6.3,0.71,18.0,PM2.5
Japan,Tokyo,Asia,2024-09,31,Good,11.2,16.9,14.4,1.0,0.12,34.8,O3
Japan,Tokyo,Asia,2024-10,38,Good,15.8,25.9,9.5,5.9,0.08,54.5,O3
Japan,Tokyo,Asia,2024-11,47,Good,19.9,27.1,25.7,1.5,0.67,19.9,PM2.5
Japan,Tokyo,Asia,2024-12,54,Moderate,21.2,30.7,17.1,8.2,0.16,18.6,PM10
United States,New York,North America,2024-01,69,Moderate,28.7,49.4,29.7,8.1,1.21,29.3,PM2.5
United States,New York,North America,2024-02,54,Moderate,23.2,35.3,26.4,11.3,1.17,74.2,PM2.5
United States,New York,North America,2024-03,53,Moderate,20.5,32.8,23.2,9.4,0.56,21.7,PM2.5
United States,New York,North America,2024-04,38,Good,13.8,24.1,9.1,2.0,0.1,55.2,PM10
United States,New York,North America,2024-05,45,Good,17.6,25.6,19.0,7.1,0.47,25.3,O3
United States,New York,North America,2024-06,42,Good,16.6,27.3,5.3,5.5,0.11,45.4,O3
United States,New York,North America,2024-07,41,Good,14.5,21.7,5.7,0.9,0.8,42.1,PM2.5
United States,New York,North America,2024-08,43,Good,18.9,25.7,24.8,3.9,0.96,52.2,NO2
United States,New York,North America,2024-09,47,Good,18.3,26.9,16.3,2.5,0.69,47.9,NO2
United States,New York,North America,2024-10,51,Moderate,22.1,33.6,11.0,3.9,0.33,14.0,PM2.5
United States,New York,North America,2024-11,37,Good,15.1,20.7,10.9,6.0,0.49,38.1,O3
United States,New York,North America,2024-12,65,Moderate,28.5,45.9,23.6,10.5,0.43,37.7,PM2.5
Germany,Berlin,Europe,2024-01,63,Moderate,23.5,41.9,34.7,11.7,0.9,70.9,PM2.5
Germany,Berlin,Europe,2024-02,39,Good,16.7,22.8,19.0,3.2,0.86,76.1,PM2.5
Germany,Berlin,Europe,2024-03,40,Good,15.9,27.5,15.0,4.2,0.34,24.2,NO2
Germany,Berlin,Europe,2024-04,38,Good,14.8,23.0,12.2,5.8,0.83,78.7,PM2.5
Germany,Berlin,Europe,2024-05,40,Good,16.3,29.0,6.4,1.7,0.87,40.7,NO2
Germany,Berlin,Europe,2024-06,37,Good,16.3,21.7,19.8,4.5,0.51,53.9,O3
Germany,Berlin,Europe,2024-07,34,Good,14.2,23.6,14.7,1.6,0.3,35.1,NO2
Germany,Berlin,Europe,2024-08,33,Good,12.5,17.6,19.0,0.6,0.82,57.4,NO2
Germany,Berlin,Europe,2024-09,41,Good,17.4,23.9,19.0,8.0,0.7,63.6,NO2
Germany,Berlin,Europe,2024-10,40,Good,16.5,22.2,12.7,1.4,0.45,38.5,PM2.5
Germany,Berlin,Europe,2024-11,34,Good,14.6,25.9,3.1,8.1,0.48,31.0,PM2.5
Germany,Berlin,Europe,2024-12,46,Good,18.4,31.2,20.2,1.3,0.17,38.2,PM2.5
Canada,Toronto,North America,2024-01,40,Good,17.2,30.4,10.9,9.1,0.38,43.4,PM2.5
Canada,Toronto,North America,2024-02,39,Good,16.1,28.8,14.9,3.9,0.66,18.6,NO2
Canada,Toronto,North America,2024-03,22,Good,9.0,14.5,2.0,3.9,0.17,60.0,NO2
Canada,Toronto,North America,2024-04,36,Good,15.5,24.4,12.1,1.8,0.71,29.0,PM2.5
Canada,Toronto,North America,2024-05,32,Good,13.2,17.5,14.8,2.9,0.06,45.8,PM2.5
Canada,Toronto,North America,2024-06,30,Good,11.3,18.7,2.5,6.4,0.06,27.3,PM10
Canada,Toronto,North America,2024-07,29,Good,11.2,16.1,14.9,2.6,0.58,72.4,PM2.5
Canada,Toronto,North America,2024-08,30,Good,13.2,19.7,17.4,1.1,0.53,44.6,PM2.5
Canada,Toronto,North America,2024-09,41,Good,14.4,19.9,18.1,7.1,0.99,63.3,O3
Canada,Toronto,North America,2024-10,39,Good,16.4,23.8,4.2,7.8,0.66,13.4,PM2.5
Canada,Toronto,North America,2024-11,35,Good,13.8,21.1,5.8,3.6,0.37,13.7,NO2
Canada,Toronto,North America,2024-12,47,Good,18.4,31.5,24.3,3.1,0.8,43.1,NO2
Singapore,Singapore,Asia,2024-01,61,Moderate,25.1,36.3,7.6,10.3,1.16,32.1,PM10
Singapore,Singapore,Asia,2024-02,49,Good,19.1,31.6,7.8,11.0,0.42,35.7,PM2.5
Singapore,Singapore,Asia,2024-03,45,Good,17.0,29.2,2.6,4.7,0.44,11.4,PM2.5
Singapore,Singapore,Asia,2024-04,40,Good,15.7,24.3,10.9,5.6,0.63,10.7,PM2.5
Singapore,Singapore,Asia,2024-05,45,Good,18.8,27.4,21.4,8.9,0.63,78.3,PM2.5
Singapore,Singapore,Asia,2024-06,43,Good,15.1,25.4,21.2,1.9,0.35,11.2,PM2.5
Singapore,Singapore,Asia,2024-07,41,Good,15.8,23.5,2.1,3.6,0.69,78.2,NO2
Singapore,Singapore,Asia,2024-08,48,Good,16.9,29.6,23.1,9.5,0.6,37.9,PM2.5
Singapore,Singapore,Asia,2024-09,44,Good,18.7,28.7,3.6,10.6,1.04,65.0,O3
Singapore,Singapore,Asia,2024-10,36,Good,14.6,26.0,3.3,3.7,0.26,23.7,PM2.5
Singapore,Singapore,Asia,2024-11,52,Moderate,21.2,29.1,25.8,8.6,0.57,57.2,PM2.5
Singapore,Singapore,Asia,2024-12,60,Moderate,23.1,40.6,12.6,7.6,1.35,59.5,PM2.5
Australia,Sydney,Oceania,2024-01,24,Good,8.7,15.5,8.2,1.8,0.32,57.6,PM2.5
Australia,Sydney,Oceania,2024-02,34,Good,12.8,21.8,10.3,4.9,0.41,13.1,PM2.5
Australia,Sydney,Oceania,2024-03,25,Good,8.9,15.3,14.7,5.0,0.54,26.9,O3
Australia,Sydney,Oceania,2024-04,29,Good,10.7,19.0,17.3,5.3,0.71,49.9,PM2.5
Australia,Sydney,Oceania,2024-05,37,Good,13.2,21.3,21.8,2.3,0.75,73.6,O3
Australia,Sydney,Oceania,2024-06,30,Good,13.4,20.9,17.6,5.8,0.17,43.4,PM10
Australia,Sydney,Oceania,2024-07,39,Good,16.2,22.4,14.1,7.7,0.53,10.8,PM2.5
Australia,Sydney,Oceania,2024-08,30,Good,11.6,20.5,5.3,4.9,0.21,32.5,NO2
Australia,Sydney,Oceania,2024-09,28,Good,11.0,14.5,8.8,4.8,0.13,30.2,PM2.5
Australia,Sydney,Oceania,2024-10,31,Good,13.7,24.6,2.3,6.0,0.33,37.5,NO2
Australia,Sydney,Oceania,2024-11,23,Good,9.9,14.1,8.3,2.3,0.39,26.8,PM2.5
Australia,Sydney,Oceania,2024-12,30,Good,13.3,18.0,9.8,2.0,0.09,12.5,PM2.5
Iceland,Reykjavik,Europe,2024-01,14,Good,6.2,9.9,4.1,2.1,0.19,63.1,PM2.5
Iceland,Reykjavik,Europe,2024-02,16,Good,6.2,10.8,9.1,3.6,0.19,64.6,PM2.5
Iceland,Reykjavik,Europe,2024-03,10,Good,4.1,5.7,2.3,2.2,0.07,15.0,PM2.5
Iceland,Reykjavik,Europe,2024-04,12,Good,5.3,8.2,3.3,2.5,0.25,33.3,PM10
Iceland,Reykjavik,Europe,2024-05,13,Good,4.7,8.2,4.5,1.1,0.15,12.6,PM2.5
Iceland,Reykjavik,Europe,2024-06,12,Good,5.1,6.6,3.3,1.7,0.04,78.1,PM2.5
Iceland,Reykjavik,Europe,2024-07,9,Good,3.4,4.4,4.1,2.2,0.06,56.4,PM10
Iceland,Reykjavik,Europe,2024-08,9,Good,3.9,5.9,1.9,0.8,0.17,67.2,PM2.5
Iceland,Reykjavik,Europe,2024-09,13,Good,5.6,10.0,6.0,1.4,0.2,56.3,PM2.5
Iceland,Reykjavik,Europe,2024-10,12,Good,4.9,8.1,1.7,2.4,0.19,76.7,PM2.5
Iceland,Reykjavik,Europe,2024-11,13,Good,4.9,8.1,6.1,0.5,0.18,45.6,PM2.5
Iceland,Reykjavik,Europe,2024-12,12,Good,5.3,9.1,5.2,2.2,0.15,74.5,PM10
New Zealand,Wellington,Oceania,2024-01,17,Good,6.4,10.9,2.7,1.7,0.17,78.5,NO2
New Zealand,Wellington,Oceania,2024-02,17,Good,7.1,11.8,6.1,4.0,0.23,36.6,PM2.5
New Zealand,Wellington,Oceania,2024-03,20,Good,7.8,10.2,10.2,0.4,0.36,77.9,PM2.5
New Zealand,Wellington,Oceania,2024-04,20,Good,7.5,12.4,10.0,2.9,0.48,13.6,PM2.5
New Zealand,Wellington,Oceania,2024-05,20,Good,7.4,12.6,7.1,2.2,0.1,70.6,PM2.5
New Zealand,Wellington,Oceania,2024-06,23,Good,8.8,12.7,12.2,4.0,0.47,27.5,PM10
New Zealand,Wellington,Oceania,2024-07,25,Good,11.0,14.4,10.5,0.7,0.37,30.1,PM2.5
New Zealand,Wellington,Oceania,2024-08,22,Good,8.5,13.7,5.1,4.1,0.25,14.8,NO2
New Zealand,Wellington,Oceania,2024-09,17,Good,7.1,10.4,1.4,1.8,0.4,54.9,PM10
New Zealand,Wellington,Oceania,2024-10,14,Good,5.8,8.1,3.9,2.7,0.06,29.4,PM2.5
New Zealand,Wellington,Oceania,2024-11,19,Good,6.8,10.6,2.8,4.6,0.09,38.3,PM10
New Zealand,Wellington,Oceania,2024-12,16,Good,6.7,10.1,3.8,1.8,0.13,24.4,PM2.5
Sweden,Stockholm,Europe,2024-01,22,Good,9.1,16.2,8.4,0.8,0.08,76.6,PM2.5
Sweden,Stockholm,Europe,2024-02,22,Good,7.9,12.6,8.6,3.7,0.18,11.1,O3
Sweden,Stockholm,Europe,2024-03,22,Good,9.3,14.9,4.9,1.8,0.35,70.6,O3
Sweden,Stockholm,Europe,2024-04,17,Good,6.1,8.4,9.7,3.2,0.38,24.2,PM10
Sweden,Stockholm,Europe,2024-05,23,Good,9.0,11.8,8.5,1.7,0.28,77.0,PM2.5
Sweden,Stockholm,Europe,2024-06,21,Good,9.1,12.7,8.8,5.1,0.09,10.6,PM2.5
Sweden,Stockholm,Europe,2024-07,18,Good,7.9,12.0,3.5,2.1,0.34,10.6,PM10
Sweden,Stockholm,Europe,2024-08,17,Good,7.0,11.3,3.1,3.1,0.07,23.9,NO2
Sweden,Stockholm,Europe,2024-09,18,Good,6.8,9.7,1.5,2.2,0.34,52.5,PM10
Sweden,Stockholm,Europe,2024-10,18,Good,6.4,11.4,9.2,3.7,0.38,75.3,PM2.5
Sweden,Stockholm,Europe,2024-11,21,Good,8.9,14.9,7.1,0.7,0.22,74.5,PM10
Sweden,Stockholm,Europe,2024-12,21,Good,8.5,12.2,5.3,4.7,0.36,65.1,PM2.5
Switzerland,Zurich,Europe,2024-01,23,Good,9.7,14.7,6.7,3.9,0.54,14.5,NO2
Switzerland,Zurich,Europe,2024-02,30,Good,11.4,17.4,1.9,2.6,0.41,13.9,PM2.5
Switzerland,Zurich,Europe,2024-03,21,Good,8.7,12.4,2.9,1.1,0.08,23.0,PM10
Switzerland,Zurich,Europe,2024-04,26,Good,11.4,19.5,11.1,1.1,0.22,31.7,PM2.5
Switzerland,Zurich,Europe,2024-05,30,Good,11.6,17.1,15.2,6.0,0.27,74.0,O3
Switzerland,Zurich,Europe,2024-06,23,Good,8.8,13.0,7.5,5.4,0.51,17.2,PM2.5
Switzerland,Zurich,Europe,2024-07,20,Good,7.4,12.8,8.4,4.2,0.44,62.4,PM2.5
Switzerland,Zurich,Europe,2024-08,27,Good,11.1,15.3,11.4,1.6,0.48,26.1,PM2.5
Switzerland,Zurich,Europe,2024-09,25,Good,10.0,13.8,2.4,0.5,0.15,72.4,PM2.5
Switzerland,Zurich,Europe,2024-10,24,Good,9.3,12.6,4.1,3.3,0.38,27.2,PM2.5
Switzerland,Zurich,Europe,2024-11,18,Good,6.7,11.9,7.0,2.6,0.21,40.0,PM2.5
Switzerland,Zurich,Europe,2024-12,26,Good,10.9,18.0,3.8,3.5,0.3,70.9,PM10
Finland,Helsinki,Europe,2024-01,16,Good,6.6,9.0,3.8,0.8,0.29,24.4,PM2.5
Finland,Helsinki,Europe,2024-02,19,Good,8.4,11.8,6.3,2.2,0.05,65.5,PM2.5
Finland,Helsinki,Europe,2024-03,20,Good,8.3,13.6,3.8,0.4,0.37,47.5,NO2
Finland,Helsinki,Europe,2024-04,13,Good,5.6,9.6,4.1,1.2,0.26,41.6,PM2.5
Finland,Helsinki,Europe,2024-05,14,Good,5.4,9.2,7.6,0.9,0.05,71.4,PM2.5
Finland,Helsinki,Europe,2024-06,13,Good,5.3,9.5,1.1,2.2,0.05,36.3,NO2
Finland,Helsinki,Europe,2024-07,10,Good,3.7,5.5,2.5,0.3,0.11,42.5,PM10
Finland,Helsinki,Europe,2024-08,15,Good,6.2,10.3,0.8,1.0,0.26,43.9,PM2.5
Finland,Helsinki,Europe,2024-09,16,Good,6.5,8.7,7.5,2.4,0.32,62.6,NO2
Finland,Helsinki,Europe,2024-10,16,Good,6.4,8.8,6.7,2.6,0.31,21.9,PM2.5
Finland,Helsinki,Europe,2024-11,16,Good,7.1,11.9,6.1,2.7,0.36,50.5,PM10
Finland,Helsinki,Europe,2024-12,20,Good,7.3,11.2,8.9,1.6,0.13,32.0,PM2.5
Norway,Oslo,Europe,2024-01,21,Good,9.3,14.4,3.2,0.7,0.38,36.8,NO2
Norway,Oslo,Europe,2024-02,19,Good,7.9,13.4,3.8,3.4,0.15,75.7,PM10
Norway,Oslo,Europe,2024-03,15,Good,5.5,9.1,2.6,2.3,0.12,56.3,NO2
Norway,Oslo,Europe,2024-04,16,Good,6.8,11.4,2.5,0.6,0.29,35.8,PM2.5
Norway,Oslo,Europe,2024-05,19,Good,6.7,10.9,4.3,4.3,0.43,32.8,O3
Norway,Oslo,Europe,2024-06,13,Good,5.8,9.9,6.7,1.0,0.2,14.7,PM2.5
Norway,Oslo,Europe,2024-07,18,Good,7.8,14.0,3.3,0.5,0.21,19.1,PM2.5
Norway,Oslo,Europe,2024-08,17,Good,6.6,11.2,6.1,1.5,0.29,26.2,PM2.5
Norway,Oslo,Europe,2024-09,19,Good,8.1,10.7,9.7,3.1,0.28,53.7,NO2
Norway,Oslo,Europe,2024-10,21,Good,8.6,13.7,12.5,4.1,0.26,59.5,PM2.5
Norway,Oslo,Europe,2024-11,19,Good,8.4,14.8,4.5,2.7,0.13,79.7,O3
Norway,Oslo,Europe,2024-12,19,Good,7.9,13.4,8.4,2.9,0.06,41.8,PM10
Canada,Vancouver,North America,2024-01,31,Good,13.8,19.1,10.1,5.5,0.56,55.4,PM2.5
Canada,Vancouver,North America,2024-02,41,Good,15.0,24.3,15.6,2.4,0.75,41.9,PM10
Canada,Vancouver,North America,2024-03,27,Good,9.5,16.1,10.4,4.9,0.57,66.2,O3
Canada,Vancouver,North America,2024-04,29,Good,11.7,18.1,7.9,1.5,0.44,29.4,O3
Canada,Vancouver,North America,2024-05,34,Good,13.1,17.4,2.3,3.9,0.13,52.5,NO2
Canada,Vancouver,North America,2024-06,30,Good,13.1,21.3,5.0,6.5,0.67,23.8,PM10
Canada,Vancouver,North America,2024-07,28,Good,12.6,16.6,15.2,4.5,0.68,42.6,NO2
Canada,Vancouver,North America,2024-08,23,Good,8.2,12.0,2.0,5.6,0.48,69.7,O3
Canada,Vancouver,North America,2024-09,27,Good,9.6,13.5,4.8,3.4,0.22,17.1,PM2.5
Canada,Vancouver,North America,2024-10,25,Good,9.1,16.3,11.7,6.1,0.3,29.5,NO2
Canada,Vancouver,North America,2024-11,24,Good,9.0,12.3,4.6,2.4,0.42,14.4,PM2.5
Canada,Vancouver,North America,2024-12,31,Good,13.4,18.4,7.4,6.8,0.17,15.8,PM2.5
Kenya,Nairobi,Africa,2024-01,100,Moderate,43.0,58.8,36.9,13.5,0.53,53.7,PM2.5
Kenya,Nairobi,Africa,2024-02,74,Moderate,29.5,39.6,22.4,6.5,1.55,14.0,PM2.5
Kenya,Nairobi,Africa,2024-03,91,Moderate,37.1,60.6,43.4,19.8,0.84,47.7,NO2
Kenya,Nairobi,Africa,2024-04,72,Moderate,32.3,56.4,18.3,4.5,0.95,61.9,PM2.5
Kenya,Nairobi,Africa,2024-05,86,Moderate,33.2,57.4,23.5,8.0,1.07,63.4,PM2.5
Kenya,Nairobi,Africa,2024-06,67,Moderate,24.8,44.0,9.8,10.0,1.03,44.3,PM10
Kenya,Nairobi,Africa,2024-07,70,Moderate,27.1,44.2,8.9,10.5,0.44,29.5,PM2.5
Kenya,Nairobi,Africa,2024-08,55,Moderate,20.3,34.8,11.4,12.8,1.34,50.0,PM2.5
Kenya,Nairobi,Africa,2024-09,86,Moderate,33.3,44.7,30.6,18.4,1.75,22.3,PM10
Kenya,Nairobi,Africa,2024-10,70,Moderate,26.0,36.6,37.2,5.2,0.56,10.0,NO2
Kenya,Nairobi,Africa,2024-11,80,Moderate,34.0,46.8,24.2,7.9,0.33,44.0,O3
Kenya,Nairobi,Africa,2024-12,108,Unhealthy for Sensitive Groups,38.2,55.2,17.7,7.8,2.47,42.8,PM2.5
Argentina,Buenos Aires,South America,2024-01,58,Moderate,23.1,35.0,21.9,14.5,1.14,37.9,NO2
Argentina,Buenos Aires,South America,2024-02,66,Moderate,24.2,31.8,10.7,6.3,0.91,53.1,O3
Argentina,Buenos Aires,South America,2024-03,53,Moderate,18.8,24.8,18.7,6.3,1.13,21.2,PM2.5
Argentina,Buenos Aires,South America,2024-04,74,Moderate,29.2,41.4,5.7,13.7,0.34,52.6,PM2.5
Argentina,Buenos Aires,South America,2024-05,48,Good,20.6,30.8,22.2,2.2,0.95,26.6,PM10
Argentina,Buenos Aires,South America,2024-06,39,Good,15.9,28.1,10.3,1.3,0.1,67.9,PM2.5
Argentina,Buenos Aires,South America,2024-07,41,Good,15.8,20.8,23.7,7.1,0.96,28.6,PM10
Argentina,Buenos Aires,South America,2024-08,49,Good,20.5,29.9,25.3,11.6,1.1,61.7,PM2.5
Argentina,Buenos Aires,South America,2024-09,55,Moderate,24.7,36.0,13.0,1.9,0.67,28.3,PM2.5
Argentina,Buenos Aires,South America,2024-10,59,Moderate,25.6,45.3,9.0,6.1,1.38,14.3,PM2.5
Argentina,Buenos Aires,South America,2024-11,52,Moderate,19.0,33.9,15.4,7.0,0.4,43.0,PM10
Argentina,Buenos Aires,South America,2024-12,54,Moderate,23.0,38.6,19.9,12.3,1.12,63.0,PM2.5
Nepal,Kathmandu,Asia,2024-01,172,Unhealthy,67.1,116.9,93.3,39.4,1.59,58.4,PM2.5
Nepal,Kathmandu,Asia,2024-02,234,Very Unhealthy,86.4,120.3,55.7,27.4,4.94,18.4,PM10
Nepal,Kathmandu,Asia,2024-03,121,Unhealthy for Sensitive Groups,48.3,70.0,45.7,14.3,0.7,18.2,PM2.5
Nepal,Kathmandu,Asia,2024-04,160,Unhealthy,70.4,103.6,72.5,27.3,3.75,67.5,PM10
Nepal,Kathmandu,Asia,2024-05,169,Unhealthy,65.9,96.4,9.5,35.4,3.45,17.3,PM10
Nepal,Kathmandu,Asia,2024-06,144,Unhealthy for Sensitive Groups,57.1,77.6,84.9,9.6,0.51,51.6,PM10
Nepal,Kathmandu,Asia,2024-07,141,Unhealthy for Sensitive Groups,56.9,76.9,20.4,21.0,1.24,75.7,NO2
Nepal,Kathmandu,Asia,2024-08,136,Unhealthy for Sensitive Groups,61.0,87.2,79.3,16.0,1.36,13.5,PM2.5
Nepal,Kathmandu,Asia,2024-09,147,Unhealthy for Sensitive Groups,54.8,88.1,27.8,22.3,1.51,67.6,NO2
Nepal,Kathmandu,Asia,2024-10,190,Unhealthy,75.6,111.5,47.4,38.9,1.81,24.6,PM2.5
Nepal,Kathmandu,Asia,2024-11,127,Unhealthy for Sensitive Groups,55.1,77.7,33.0,26.1,2.66,36.9,PM2.5
Nepal,Kathmandu,Asia,2024-12,128,Unhealthy for Sensitive Groups,48.7,86.0,14.8,30.0,2.27,47.2,PM2.5
Vietnam,Hanoi,Asia,2024-01,114,Unhealthy for Sensitive Groups,41.7,67.9,66.6,16.9,2.1,14.8,PM2.5
Vietnam,Hanoi,Asia,2024-02,150,Unhealthy for Sensitive Groups,54.2,87.1,84.9,25.7,0.56,34.8,PM10
Vietnam,Hanoi,Asia,2024-03,148,Unhealthy for Sensitive Groups,63.9,102.6,37.8,11.3,0.66,34.8,PM2.5
Vietnam,Hanoi,Asia,2024-04,125,Unhealthy for Sensitive Groups,52.2,85.0,11.1,13.6,0.77,21.0,NO2
Vietnam,Hanoi,Asia,2024-05,129,Unhealthy for Sensitive Groups,47.3,82.3,46.0,9.1,1.75,61.2,O3
Vietnam,Hanoi,Asia,2024-06,110,Unhealthy for Sensitive Groups,40.9,71.3,62.0,25.4,1.83,54.1,PM2.5
Vietnam,Hanoi,Asia,2024-07,120,Unhealthy for Sensitive Groups,50.1,75.9,54.3,25.1,0.64,68.3,PM2.5
Vietnam,Hanoi,Asia,2024-08,140,Unhealthy for Sensitive Groups,60.8,92.2,36.2,32.2,1.09,69.1,PM2.5
Vietnam,Hanoi,Asia,2024-09,100,Moderate,40.7,59.5,7.2,8.0,0.21,78.5,O3
Vietnam,Hanoi,Asia,2024-10,132,Unhealthy for Sensitive Groups,51.4,85.5,31.7,22.9,2.71,76.3,PM2.5
Vietnam,Hanoi,Asia,2024-11,119,Unhealthy for Sensitive Groups,53.4,70.1,45.5,20.3,2.12,18.4,O3
Vietnam,Hanoi,Asia,2024-12,179,Unhealthy,65.9,106.2,30.9,15.8,2.61,39.2,PM2.5
